Datum ,Uhrzeit ,Temperatur ,Luftfeuchtigkeit ,CO2
20210917,212300,22.7,56.4
20210917,215300,22.8,56.3
20210917,222300,22.9,56.1
20210917,225300,23,55.5
20210917,232300,23.1,55.5
20210917,235300,23.1,55.4
20210918,002300,23.1,55.3
20210918,005300,23,55.2
20210918,012300,23,55.3
20210918,015300,23,55.3
20210918,022300,22.3,49.6
20210918,025300,22.4,51.3
20210918,032300,22.4,52.8
20210918,035300,22.4,53.3
20210918,042300,22.4,53.5
20210918,045300,22.4,53.8
20210918,052300,22.3,53.9
20210918,055300,22.3,54.1
20210918,062300,22.2,54.1
20210918,065300,22.1,54.1
20210918,072300,22.1,54.2
20210918,075300,22,54.2
20210918,082300,21.9,54.3
20210918,085300,21.9,54.3
20210918,092300,21.8,54.4
20210918,095300,21.7,54.3
20210918,102300,21.6,54.3
20210918,105300,21.6,54.3
20210918,112300,21.5,54.3
20210918,115300,21.4,54.2
20210918,122300,21.4,54.2
20210918,125300,21.3,54.2
20210918,132300,21.2,54.3
20210918,135300,21.2,54.2
20210918,142300,21.1,54.3
20210918,145300,21,54.3
20210918,152300,21,54.3
20210918,155300,20.9,54.3
20210918,162300,20.9,54.3
20210918,165300,19.8,50.1
20210918,172300,20,51.7
20210918,175300,20.9,51.9
20210918,182300,21.8,52.4
20210918,185300,22.3,52.7
20210918,192300,22.3,52.9
20210918,195300,22.4,53
20210918,202300,22.4,53
20210918,205300,22.5,52.8
20210918,212300,22.7,52.5
20210918,215300,22.6,44.6
20210918,222300,22.6,43.3
20210918,225300,22.7,43.2
20210918,232300,22.7,43.1
20210918,235300,22.7,43.3
20210919,002300,22.9,45.7
20210919,005300,23,47.6
20210919,012300,23,48.6
20210919,015300,22.9,49.3
20210919,022300,22.8,49.9
20210919,025300,22.7,50.2
20210919,032300,22.6,50.5
20210919,035300,22.6,50.8
20210919,042300,22.5,51
20210919,045300,22.4,51.3
20210919,052300,22.4,52.4
20210919,055300,22.4,53
20210919,062300,22.3,52.8
20210919,065300,22.2,52.5
20210919,072300,22.1,52.2
20210919,075300,22,52.1
20210919,082300,21.9,52
20210919,085300,21.8,51.9
20210919,092300,21.8,51.9
20210919,095300,21.6,51.8
20210919,102300,21.6,51.8
20210919,105300,21.5,51.8
20210919,112300,21.4,51.7
20210919,115300,21.3,51.8
20210919,122300,21.2,51.8
20210919,125300,21.2,51.8
20210919,132300,21.1,51.8
20210919,135300,21,51.9
20210919,142300,20.9,52
20210919,145300,20.9,52
20210919,152300,20.9,52
20210919,155300,20.8,52.1
20210919,162300,20.8,52.6
20210919,165300,20.8,53.4
20210919,172300,20.9,53
20210919,175300,21.6,52
20210919,182300,22.2,51.7
20210919,185300,22.4,51.7
20210919,192300,22.5,51.6
20210919,195300,22.7,51.6
20210919,202300,22.8,51.5
20210919,205300,23,48.2
20210919,212300,23,46.8
20210919,215300,23.4,46.6
20210919,222300,23.3,48.1
20210919,225300,23.2,48.7
20210919,232300,23.1,49.6
20210919,235300,23,50
20210920,002300,22.9,50.3
20210920,005300,23,50.8
20210920,012300,22.9,50.8
20210920,015300,22.9,50.9
20210920,022300,22.9,51.1
20210920,025300,22.9,51.2
20210920,032300,22.8,51.2
20210920,035300,22.7,51.3
20210920,042300,22.6,51.4
20210920,045300,22.6,51.5
20210920,052300,22.5,51.5
20210920,055300,22.4,51.6
20210920,062300,22.4,51.7
20210920,065300,22.3,51.8
20210920,072300,22.3,51.9
20210920,075300,22.2,51.9
20210920,082300,22.1,52
20210920,085300,22.1,52.1
20210920,092300,22,52.2
20210920,095300,21.9,52.2
20210920,102300,21.9,52.3
20210920,105300,21.9,52.3
20210920,112300,21.8,52.3
20210920,115300,21.7,52.4
20210920,122300,21.7,52.4
20210920,125300,21.6,52.4
20210920,132300,21.6,52.4
20210920,135300,21.5,52.4
20210920,142300,21.4,52.5
20210920,145300,21.4,52.5
20210920,152300,21.3,52.5
20210920,155300,21.3,52.6
20210920,162300,21.3,52.6
20210920,165300,21.3,52.5
20210920,172300,21.4,52.5
20210920,175300,21.5,52.5
20210920,182300,21.6,52.4
20210920,185300,21.7,52.3
20210920,192300,21.8,52.5
20210920,195300,22.3,51.9
20210920,202300,22.3,52.1
20210920,205300,22.3,52
20210920,212300,22.3,51.8
20210920,215300,22.3,51.6
20210920,222300,22.4,51.5
20210920,225300,22.4,51.5
20210920,232300,22.3,51.4
20210920,235300,22.3,51.3
20210921,002300,22.2,51.4
20210921,005300,22.2,51.3
20210921,012300,22.1,51.2
20210921,015300,22,51.4
20210921,022300,21.9,51.5
20210921,025300,21.8,51.4
20210921,032300,21.7,51.4
20210921,035300,21.6,51.4
20210921,042300,21.6,52.2
20210921,045300,21.2,50
20210921,052300,21.5,51.2
20210921,055300,21.4,51.8
20210921,062300,21.3,51.9
20210921,065300,21.3,51.9
20210921,072300,21.2,52
20210921,075300,21.1,52
20210921,082300,21.1,52
20210921,085300,21,52.1
20210921,092300,21,52.1
20210921,095300,20.9,52.1
20210921,102300,20.9,52.1
20210921,105300,20.8,52.1
20210921,112300,20.7,52.1
20210921,115300,20.6,52.2
20210921,122300,20.6,52.2
20210921,125300,20.5,52.3
20210921,132300,20.5,52.4
20210921,135300,20.4,52.3
20210921,142300,20.4,52.3
20210921,145300,20.3,52.4
20210921,152300,20.3,52.4
20210921,155300,20.3,52.4
20210921,162300,20.4,52.3
20210921,165300,20.4,52.8
20210921,172300,20.5,52.6
20210921,175300,20.7,52.3
20210921,182300,20.8,52.3
20210921,185300,20.9,51.9
20210921,192300,21,51.8
20210921,195300,21.1,51.6
20210921,202300,21.6,51
20210921,205300,21.7,50.9
20210921,212300,21.9,51.1
20210921,215300,22,50.9
20210921,222300,22.1,50.6
20210921,225300,22.1,50.6
20210921,232300,22,50.7
20210921,235300,22,50.7
20210922,002300,21.9,50.7
20210922,005300,21.8,50.8
20210922,012300,21.7,51
20210922,015300,21.8,52
20210922,022300,21.7,52
20210922,025300,21.5,51.9
20210922,032300,21.4,51.9
20210922,035300,21.3,52
20210922,042300,21.2,52
20210922,045300,21.1,52
20210922,052300,21,51.9
20210922,055300,20.9,51.7
20210922,062300,20.9,51.7
20210922,065300,20.8,51.7
20210922,072300,20.7,51.5
20210922,075300,20.6,51.5
20210922,082300,20.5,51.4
20210922,085300,20.4,51.4
20210922,092300,20.3,51.4
20210922,095300,20.2,51.3
20210922,102300,20.1,51.3
20210922,105300,20.1,51.3
20210922,112300,20,51.3
20210922,115300,19.9,51.3
20210922,122300,19.8,51.4
20210922,125300,19.8,51.5
20210922,132300,19.7,51.6
20210922,135300,19.6,51.7
20210922,142300,19.6,52
20210922,145300,19.6,51.9
20210922,152300,19.6,52
20210922,155300,19.6,52.4
20210922,162300,19.7,52.2
20210922,165300,19.9,51.7
20210922,172300,19.9,51.8
20210922,175300,20,51.7
20210922,182300,20,51.8
20210922,185300,20,51.8
20210922,192300,20,51.7
20210922,195300,20.1,51.5
20210922,202300,20.1,51.4
20210922,205300,20.1,51.3
20210922,212300,20.2,51.2
20210922,215300,20.2,51.2
20210922,222300,20.3,51
20210922,225300,20.3,51.2
20210922,232300,20.2,51.2
20210922,235300,20.2,51.3
20210923,002300,20.1,51.1
20210923,005300,20.1,51
20210923,012300,20,51.2
20210923,015300,19.9,51.4
20210923,022300,19.9,52
20210923,025300,20,52.4
20210923,032300,20,52.1
20210923,035300,19.9,52
20210923,042300,19.8,52
20210923,045300,19.7,51.9
20210923,052300,19.6,51.9
20210923,055300,19.4,51.9
20210923,062300,19.4,52
20210923,065300,19.3,52.1
20210923,072300,19.2,51.9
20210923,075300,19.2,51.8
20210923,082300,19.1,51.7
20210923,085300,19,51.8
20210923,092300,18.9,51.8
20210923,095300,18.9,51.8
20210923,102300,18.8,51.8
20210923,105300,18.8,51.7
20210923,112300,18.7,52
20210923,115300,18.6,51.9
20210923,122300,18.6,52.1
20210923,125300,18.6,52.2
20210923,132300,18.5,52.3
20210923,135300,18.4,52.4
20210923,142300,18.4,52.4
20210923,145300,18.4,52.3
20210923,152300,18.4,52.6
20210923,155300,18.5,52.5
20210923,162300,18.6,52.4
20210923,165300,19.2,51.2
20210923,172300,19.8,51
20210923,175300,20.4,50.5
20210923,182300,20.9,50
20210923,185300,21.4,49.3
20210923,192300,21.9,48.8
20210923,195300,21.9,49
20210923,202300,21.9,49.1
20210923,205300,22,49.1
20210923,212300,22.1,49.1
20210923,215300,22.2,49
20210923,222300,22.3,49
20210923,225300,22.3,48.9
20210923,232300,22.2,49.1
20210923,235300,22,49.5
20210924,002300,21.9,49.7
20210924,005300,21.8,49.8
20210924,012300,21.6,49.8
20210924,015300,21.5,49.9
20210924,022300,21.4,49.9
20210924,025300,21.3,49.9
20210924,032300,21.1,49.8
20210924,035300,21,50
20210924,042300,20.9,50.2
20210924,045300,20.9,50.1
20210924,052300,20.8,50.1
20210924,055300,20.6,50
20210924,062300,20.5,50
20210924,065300,20.4,50.1
20210924,072300,20.3,50.1
20210924,075300,20.2,50.1
20210924,082300,20.1,50.1
20210924,085300,20,50.1
20210924,092300,19.9,50.1
20210924,095300,19.8,50.1
20210924,102300,19.8,50.2
20210924,105300,19.7,50.2
20210924,112300,19.6,50.2
20210924,115300,19.6,50.3
20210924,122300,19.5,50.3
20210924,125300,19.4,50.4
20210924,132300,19.4,50.4
20210924,135300,19.3,50.4
20210924,142300,19.3,50.6
20210924,145300,19.5,50.5
20210924,152300,20.1,49.7
20210924,155300,20.8,49.3
20210924,162300,21.4,49.1
20210924,165300,21.8,49
20210924,172300,21.8,49.3
20210924,175300,21.9,49.4
20210924,182300,22,48.9
20210924,185300,22.1,48.7
20210924,192300,22.2,48.5
20210924,195300,22.4,48.5
20210924,202300,22.5,48.4
20210924,205300,22.6,48.7
20210924,212300,22.7,48.6
20210924,215300,22.8,48.6
20210924,222300,22.9,48.5
20210924,225300,22.7,49.4
20210924,232300,22.2,51.1
20210924,235300,22.1,50.7
20210925,002300,22.1,51.2
20210925,005300,22,51.1
20210925,012300,22,51.2
20210925,015300,21.9,51.2
20210925,022300,21.9,51.2
20210925,025300,21.8,51
20210925,032300,21.7,50.9
20210925,035300,21.6,50.8
20210925,042300,21.5,50.7
20210925,045300,21.4,50.7
20210925,052300,21.3,50.7
20210925,055300,21.2,50.6
20210925,062300,21.1,50.6
20210925,065300,21,50.6
20210925,072300,20.9,50.6
20210925,075300,20.9,50.6
20210925,082300,20.8,50.6
20210925,085300,20.7,50.6
20210925,092300,20.6,50.5
20210925,095300,20.5,50.5
20210925,102300,20.4,50.6
20210925,105300,20.4,50.6
20210925,112300,20.3,50.6
20210925,115300,20.2,50.6
20210925,122300,20.1,50.6
20210925,125300,20.1,50.6
20210925,132300,20,50.7
20210925,135300,20,51
20210925,142300,20.8,51.6
20210925,145300,21,51.7
20210925,152300,21.2,51
20210925,155300,21.3,50.7
20210925,162300,21.5,50.6
20210925,165300,21.6,50.5
20210925,172300,21.8,50.4
20210925,175300,21.9,50.3
20210925,182300,22,50.3
20210925,185300,22.1,50.4
20210925,192300,22.2,50.3
20210925,195300,22.4,50.4
20210925,202300,22.4,50.5
20210925,205300,22.6,50.7
20210925,212300,22.7,50.6
20210925,215300,22.8,50.6
20210925,222300,22.6,51.1
20210925,225300,22.5,51.4
20210925,232300,22.4,51.6
20210925,235300,22.3,51.7
20210926,002300,22.1,51.8
20210926,005300,22.1,51.8
20210926,012300,22,51.8
20210926,015300,21.9,51.7
20210926,022300,21.8,51.7
20210926,025300,21.7,51.7
20210926,032300,21.6,51.6
20210926,035300,21.4,52
20210926,042300,21.9,54.1
20210926,045300,22,53.1
20210926,052300,22.1,54.2
20210926,055300,21.3,51.5
20210926,062300,21.6,52.8
20210926,065300,21.6,52.9
20210926,072300,21.5,53
20210926,075300,21.4,53.1
20210926,082300,21.4,53.1
20210926,085300,21.3,53.2
20210926,092300,21.3,53.3
20210926,095300,21.2,53.3
20210926,102300,21.1,53.4
20210926,105300,21.1,53.3
20210926,112300,21,53.4
20210926,115300,20.9,53.3
20210926,122300,20.9,53.2
20210926,125300,20.9,53.2
20210926,132300,21.1,52.9
20210926,135300,21.3,52.3
20210926,142300,21.5,52.3
20210926,145300,21.7,52.3
20210926,152300,21.9,52.3
20210926,155300,22,52.2
20210926,162300,22.1,52
20210926,165300,22.3,51.7
20210926,172300,22.4,51.6
20210926,175300,22.5,51.6
20210926,182300,22.7,51.5
20210926,185300,22.9,51.3
20210926,192300,22.9,51.2
20210926,195300,23.1,51.3
20210926,202300,23.1,51.4
20210926,205300,23.1,51.6
20210926,212300,23.1,51.9
20210926,215300,23,54.4
20210926,222300,22.9,57.6
20210926,225300,22.8,60
20210926,232300,22.8,57.1
20210926,235300,22.8,55.5
20210927,002300,22.7,54.8
20210927,005300,22.7,54.9
20210927,012300,22.7,54.8
20210927,015300,22.6,54.7
20210927,022300,22.5,54.7
20210927,025300,22.5,54.7
20210927,032300,22.4,54.7
20210927,035300,22.4,54.7
20210927,042300,22.4,54.6
20210927,045300,22.3,54.6
20210927,052300,22.3,54.6
20210927,055300,22.2,54.5
20210927,062300,22.2,54.5
20210927,065300,22.1,54.5
20210927,072300,22.1,54.6
20210927,075300,22,54.6
20210927,082300,22,54.6
20210927,085300,21.9,54.6
20210927,092300,21.9,54.7
20210927,095300,21.9,54.7
20210927,102300,21.8,54.7
20210927,105300,21.8,54.8
20210927,112300,21.8,54.8
20210927,115300,21.7,54.9
20210927,122300,21.7,54.9
20210927,125300,21.6,54.9
20210927,132300,21.6,54.9
20210927,135300,21.6,54.9
20210927,142300,21.6,54.9
20210927,145300,21.7,54.8
20210927,152300,21.8,54.9
20210927,155300,22,55.1
20210927,162300,22.4,54.6
20210927,165300,22.4,54.7
20210927,172300,22.6,54.6
20210927,175300,22.6,54.3
20210927,182300,22.6,54.2
20210927,185300,22.6,54.3
20210927,192300,22.5,54.4
20210927,195300,22.5,54.5
20210927,202300,22.6,54.4
20210927,205300,22.6,54.4
20210927,212300,22.6,54.5
20210927,215300,22.5,54.7
20210927,222300,22.4,54.8
20210927,225300,22.4,55.1
20210927,232300,22.3,55
20210927,235300,22.3,55
20210928,002300,22.2,55.1
20210928,005300,22.1,55.3
20210928,012300,22.1,55.3
20210928,015300,22.1,55.3
20210928,022300,22,55.4
20210928,025300,22,55.5
20210928,032300,22,55.5
20210928,035300,21.9,55.5
20210928,042300,21.9,55.5
20210928,045300,21.8,55.4
20210928,052300,21.8,55.3
20210928,055300,21.7,55.2
20210928,062300,21.6,55.2
20210928,065300,21.6,55.1
20210928,072300,21.5,55.1
20210928,075300,21.5,55.2
20210928,082300,21.4,55.1
20210928,085300,21.4,55.1
20210928,092300,21.4,55.1
20210928,095300,21.3,55.2
20210928,102300,21.3,55.3
20210928,105300,21.3,55.3
20210928,112300,21.2,55.2
20210928,115300,21.2,55.2
20210928,122300,21.1,55.2
20210928,125300,21.1,55.2
20210928,132300,21.1,55.3
20210928,135300,21.1,55.3
20210928,142300,21.2,55.5
20210928,145300,21.4,55.7
20210928,152300,21.7,55.2
20210928,155300,21.8,55.2
20210928,162300,21.9,54.8
20210928,165300,22.1,54.6
20210928,172300,22.3,54.5
20210928,175300,22.4,54.5
20210928,182300,22.4,54.4
20210928,185300,22.6,54.5
20210928,192300,22.8,54.4
20210928,195300,22.9,54.2
20210928,202300,23,54
20210928,205300,22.9,54.1
20210928,212300,22.6,55.4
20210928,215300,22.4,56.5
20210928,222300,22,57.7
20210928,225300,22,56.8
20210928,232300,22.3,56.1
20210928,235300,22.2,56.4
20210929,002300,22.1,56.3
20210929,005300,22,56.2
20210929,012300,22,56.2
20210929,015300,22,56.1
20210929,022300,21.9,55.9
20210929,025300,21.8,55.8
20210929,032300,21.7,55.7
20210929,035300,21.7,55.6
20210929,042300,21.6,55.5
20210929,045300,21.5,55.4
20210929,052300,21.4,55.3
20210929,055300,21.4,55.3
20210929,062300,21.3,55.2
20210929,065300,21.3,55.1
20210929,072300,21.2,55.1
20210929,075300,21.1,55
20210929,082300,21.1,55
20210929,085300,21,54.9
20210929,092300,21,54.9
20210929,095300,20.9,54.9
20210929,102300,20.9,55
20210929,105300,20.8,55.2
20210929,112300,20.8,55.2
20210929,115300,20.8,55.2
20210929,122300,20.7,55.2
20210929,125300,20.7,55.2
20210929,132300,20.6,55.2
20210929,135300,20.6,55.6
20210929,142300,20.6,55.8
20210929,145300,20.6,55.9
20210929,152300,20.6,56
20210929,155300,20.6,56
20210929,162300,20.6,56.1
20210929,165300,20.6,56.1
20210929,172300,20.7,55.9
20210929,175300,20.7,56.1
20210929,182300,20.7,56.2
20210929,185300,20.8,56.1
20210929,192300,20.8,56.1
20210929,195300,20.8,55.9
20210929,202300,20.7,56
20210929,205300,20.7,55.8
20210929,212300,20.6,56
20210929,215300,20.6,55.9
20210929,222300,20.5,55.9
20210929,225300,20.5,55.9
20210929,232300,20.4,55.9
20210929,235300,20.4,56
20210930,002300,20.3,55.9
20210930,005300,20.3,55.9
20210930,012300,20.3,56
20210930,015300,20.2,55.9
20210930,022300,20.2,55.9
20210930,025300,20.1,55.8
20210930,032300,20.1,56
20210930,035300,20.1,55.8
20210930,042300,20,55.9
20210930,045300,20.1,56.3
20210930,052300,20,56.2
20210930,055300,20,56.1
20210930,062300,19.9,56.1
20210930,065300,19.8,55.9
20210930,072300,19.8,55.9
20210930,075300,19.8,55.9
20210930,082300,19.7,55.8
20210930,085300,19.7,55.8
20210930,092300,19.6,56
20210930,095300,19.6,56
20210930,102300,19.5,56.1
20210930,105300,19.5,56.2
20210930,112300,19.5,56.3
20210930,115300,19.5,56.7
20210930,122300,19.5,56.8
20210930,125300,19.5,56.7
20210930,132300,19.5,56.7
20210930,135300,19.7,56.5
20210930,142300,20,55.9
20210930,145300,20.1,56.1
20210930,152300,19.5,51.1
20210930,155300,19.2,50
20210930,162300,18.9,50.7
20210930,165300,18.9,50.9
20210930,172300,18.8,51.4
20210930,175300,18.7,52.7
20210930,182300,18.6,52.8
20210930,185300,19,57.3
20210930,192300,19,53.7
20210930,195300,19,52.1
20210930,202300,19.1,53.2
20210930,205300,19.2,54.2
20210930,212300,19.2,54.7
20210930,215300,19.2,55
20210930,222300,19.1,55.2
20210930,225300,19.1,55.1
20210930,232300,19.1,55.1
20210930,235300,19.1,55.2
20211001,002300,19,55.2
20211001,005300,19,55.3
20211001,012300,18.9,55.3
20211001,015300,18.9,55.2
20211001,022300,18.8,55.2
20211001,025300,19.1,55.2
20211001,032300,18.8,55.6
20211001,035300,18.7,55.5
20211001,042300,18.7,55.3
20211001,045300,18.6,55.3
20211001,052300,18.6,55.4
20211001,055300,18.5,55.3
20211001,062300,18.5,55.4
20211001,065300,18.4,55.4
20211001,072300,18.4,55.4
20211001,075300,18.3,55.5
20211001,082300,18.3,55.4
20211001,085300,18.3,55.4
20211001,092300,18.2,55.4
20211001,095300,18.2,55.4
20211001,102300,18.2,55.8
20211001,105300,18.2,55.8
20211001,112300,18.2,55.6
20211001,115300,18.3,55.6
20211001,122300,18.4,55.5
20211001,125300,18.8,55
20211001,132300,19.9,53.9
20211001,135300,20.7,53.5
20211001,142300,21.5,53
20211001,145300,21.9,52.4
20211001,152300,22.3,51.7
20211001,155300,22.9,50.7
20211001,162300,23.4,49.8
20211001,165300,24,49.1
20211001,172300,23.8,49.4
20211001,175300,23.5,50.1
20211001,182300,23.4,50.5
20211001,185300,23.3,50.8
20211001,192300,23.1,51.2
20211001,195300,22.9,51.6
20211001,202300,22.6,52.1
20211001,205300,22.4,52.3
20211001,212300,22.4,54.3
20211001,215300,22.3,53.8
20211001,222300,22.2,53.7
20211001,225300,22,53.6
20211001,232300,21.9,53.5
20211001,235300,21.9,53.5
20211002,002300,21.8,53.6
20211002,005300,21.6,53.3
20211002,012300,21.5,53.1
20211002,015300,21.4,53.1
20211002,022300,21.3,52.9
20211002,025300,21.2,52.9
20211002,032300,21.1,52.8
20211002,035300,20.9,52.8
20211002,042300,20.9,52.7
20211002,045300,20.8,52.7
20211002,052300,20.7,52.7
20211002,055300,20.6,52.7
20211002,062300,20.5,52.7
20211002,065300,20.4,52.7
20211002,072300,20.3,52.6
20211002,075300,20.3,52.7
20211002,082300,20.2,52.7
20211002,085300,20.1,52.7
20211002,092300,20,52.7
20211002,095300,20,52.7
20211002,102300,20,52.9
20211002,105300,19.9,52.6
20211002,112300,20.1,52.5
20211002,115300,20.2,52.5
20211002,122300,20.9,51.9
20211002,125300,21.4,51.7
20211002,132300,22,51.5
20211002,135300,22,51.4
20211002,142300,22,51.2
20211002,145300,22.2,50.8
20211002,152300,22.4,50.6
20211002,155300,22.5,50.3
20211002,162300,22.7,50.1
20211002,165300,22.9,50.1
20211002,172300,22.9,50.2
20211002,175300,23,50.2
20211002,182300,23,50.3
20211002,185300,23,50.6
20211002,192300,22.9,50.8
20211002,195300,22.7,51.1
20211002,202300,22.5,51.4
20211002,205300,22.4,51.6
20211002,212300,22.3,51.7
20211002,215300,22.1,51.8
20211002,222300,22,51.9
20211002,225300,21.9,52
20211002,232300,21.8,52
20211002,235300,21.7,52.2
20211003,002300,21.6,52.5
20211003,005300,21.6,52.5
20211003,012300,21.4,52.5
20211003,015300,21.3,52.4
20211003,022300,21.3,52.3
20211003,025300,21.1,52.2
20211003,032300,21,52.1
20211003,035300,20.9,52.1
20211003,042300,20.9,52.1
20211003,045300,20.8,52.1
20211003,052300,20.7,52
20211003,055300,20.6,52
20211003,062300,20.5,51.9
20211003,065300,20.4,51.9
20211003,072300,20.3,51.9
20211003,075300,20.2,51.8
20211003,082300,20.1,51.8
20211003,085300,20.1,51.7
20211003,092300,20,51.7
20211003,095300,20,51.8
20211003,102300,20.3,51.2
20211003,105300,20.8,50.9
20211003,112300,21.3,50.3
20211003,115300,21.9,50.4
20211003,122300,22.6,49.8
20211003,125300,22.6,49.9
20211003,132300,22.7,49.9
20211003,135300,22.9,49.5
20211003,142300,23,49.3
20211003,145300,23.2,49.1
20211003,152300,23.3,49.1
20211003,155300,23.4,49
20211003,162300,23.6,49
20211003,165300,23.7,49.3
20211003,172300,23.6,50
20211003,175300,23.7,50.6
20211003,182300,23.6,52.1
20211003,185300,23.3,51.7
20211003,192300,22.9,50
20211003,195300,23,50.9
20211003,202300,22.8,51.2
20211003,205300,22.8,51.6
20211003,212300,22.7,51.7
20211003,215300,22.7,53.3
20211003,222300,22.6,53.4
20211003,225300,22.6,53.3
20211003,232300,22.5,53.2
20211003,235300,22.4,53.1
20211004,002300,22.3,52.7
20211004,005300,22.2,52.5
20211004,012300,22.1,52.3
20211004,015300,22,52.2
20211004,022300,21.9,52.1
20211004,025300,21.8,52.1
20211004,032300,21.7,52.1
20211004,035300,21.6,52
20211004,042300,21.5,52
20211004,045300,21.4,52
20211004,052300,21.3,51.9
20211004,055300,21.3,52
20211004,062300,21.2,51.9
20211004,065300,21.1,51.9
20211004,072300,21,51.9
20211004,075300,20.9,51.9
20211004,082300,20.9,52
20211004,085300,20.8,52
20211004,092300,20.8,52
20211004,095300,20.7,52
20211004,102300,20.8,52
20211004,105300,20.8,51.9
20211004,112300,20.9,51.9
20211004,115300,20.9,52.1
20211004,122300,21,51.9
20211004,125300,21.3,51.9
20211004,132300,21.5,51.9
20211004,135300,21.6,51.8
20211004,142300,21.9,51.6
20211004,145300,22.3,51.1
20211004,152300,22.3,51.2
20211004,155300,22.3,51.2
20211004,162300,22.2,51.6
20211004,165300,22.1,51.7
20211004,172300,22.1,51.8
20211004,175300,22,51.8
20211004,182300,22,51.8
20211004,185300,21.9,52
20211004,192300,21.8,52
20211004,195300,21.7,52.1
20211004,202300,21.6,52.2
20211004,205300,21.5,52.3
20211004,212300,21.5,54.1
20211004,215300,21.5,54.1
20211004,222300,21.4,53.9
20211004,225300,21.4,53.9
20211004,232300,21.4,53.9
20211004,235300,21.3,53.9
20211005,002300,21.3,53.9
20211005,005300,21.2,53.8
20211005,012300,21.1,53.6
20211005,015300,21,53.5
20211005,022300,20.9,53.4
20211005,025300,20.9,53.4
20211005,032300,20.8,53.4
20211005,035300,20.8,53.4
20211005,042300,20.7,53.4
20211005,045300,20.6,53.3
20211005,052300,20.6,53.3
20211005,055300,20.5,53.3
20211005,062300,20.4,53.3
20211005,065300,20.4,53.3
20211005,072300,20.3,53.4
20211005,075300,20.3,53.5
20211005,082300,20.2,53.9
20211005,085300,20.2,53.8
20211005,092300,20.3,53.8
20211005,095300,20.4,53.7
20211005,102300,20.8,53.7
20211005,105300,20.9,54.1
20211005,112300,21,54.3
20211005,115300,21.1,54.3
20211005,122300,21.2,54.3
20211005,125300,21.1,56.3
20211005,132300,21.6,55
20211005,135300,21.8,54.2
20211005,142300,22.5,52.8
20211005,145300,22.6,52.4
20211005,152300,22.5,52.4
20211005,155300,22.5,52.3
20211005,162300,22.6,52
20211005,165300,22.4,52.3
20211005,172300,22.4,52.4
20211005,175300,22.3,52.5
20211005,182300,22.2,52.6
20211005,185300,22.1,52.6
20211005,192300,21.9,52.7
20211005,195300,21.9,52.9
20211005,202300,21.7,53
20211005,205300,21.6,53
20211005,212300,21.5,53.1
20211005,215300,21.4,53
20211005,222300,21.3,53
20211005,225300,21.3,53
20211005,232300,21.2,53
20211005,235300,21.1,53
20211006,002300,21.1,53
20211006,005300,21,53.1
20211006,012300,21.1,53.9
20211006,015300,21,53.7
20211006,022300,20.9,53.5
20211006,025300,20.9,53.3
20211006,032300,20.8,53.3
20211006,035300,20.8,53.3
20211006,042300,20.7,53.3
20211006,045300,20.6,53.3
20211006,052300,20.6,53.4
20211006,055300,20.5,53.5
20211006,062300,20.4,53.5
20211006,065300,20.4,53.5
20211006,072300,20.4,53.5
20211006,075300,20.4,53.9
20211006,082300,20.3,54
20211006,085300,20.2,54
20211006,092300,20.2,54
20211006,095300,20.2,54
20211006,102300,19.8,53.6
20211006,105300,19.9,53.5
20211006,112300,20,53.6
20211006,115300,20,53.5
20211006,122300,20,53.4
20211006,125300,20,53.4
20211006,132300,20.2,55.5
20211006,135300,20.2,56.3
20211006,142300,20.3,55.3
20211006,145300,20.3,54.9
20211006,152300,20.3,54.4
20211006,155300,20.3,54.2
20211006,162300,20.1,53.9
20211006,165300,20.1,53.5
20211006,172300,20.1,53.3
20211006,175300,20,53.1
20211006,182300,19.9,52.9
20211006,185300,19.8,52.9
20211006,192300,19.7,53
20211006,195300,19.6,52.9
20211006,202300,19.5,52.8
20211006,205300,19.4,52.7
20211006,212300,19.3,52.7
20211006,215300,19.3,52.7
20211006,222300,19.2,52.6
20211006,225300,19.1,52.7
20211006,232300,19.1,52.7
20211006,235300,19,52.8
20211007,002300,18.9,52.8
20211007,005300,18.9,52.8
20211007,012300,18.8,53.1
20211007,015300,18.9,54.4
20211007,022300,18.8,54.1
20211007,025300,18.7,53.8
20211007,032300,18.6,53.7
20211007,035300,18.6,53.5
20211007,042300,18.5,53.5
20211007,045300,18.4,53.4
20211007,052300,18.4,53.3
20211007,055300,18.3,53.3
20211007,062300,18.3,53.3
20211007,065300,18.2,53.3
20211007,072300,18.2,53.2
20211007,075300,18.1,53.1
20211007,082300,18,53.1
20211007,085300,18,53.1
20211007,092300,18,53
20211007,095300,18,52.9
20211007,102300,17.9,52.9
20211007,105300,17.9,52.8
20211007,112300,17.9,52.9
20211007,115300,17.9,52.8
20211007,122300,17.9,52.8
20211007,125300,18,52.7
20211007,132300,18.2,52.5
20211007,135300,18.3,52.3
20211007,142300,18.4,52.4
20211007,145300,18.4,52.4
20211007,152300,18.4,52.3
20211007,155300,18.5,52.4
20211007,162300,18.4,52.8
20211007,165300,18.4,52.9
20211007,172300,18.3,52.9
20211007,175300,18.2,52.9
20211007,182300,18.1,52.8
20211007,185300,18,52.9
20211007,192300,17.9,52.9
20211007,195300,17.9,53
20211007,202300,18.4,53.6
20211007,205300,18.9,53.6
20211007,212300,19.3,54.1
20220122,125300,21.6,30
20220122,132300,21.6,30
20220122,135300,21.5,29.8
20220122,142300,21.5,29.8
20220122,145300,21.5,29.7
20220122,152300,21.4,29.8
20220122,155300,21.6,32.4
20220122,162300,21.5,31.7
20220122,165300,21.5,31.4
20220122,172300,21.4,31.2
20220122,175300,21.3,30.9
20220122,182300,21.3,30.7
20220122,185300,21.4,31.4
20220122,192300,21.8,30.5
20220122,195300,21.8,30.8
20220122,202300,21.4,31.1
20220122,205300,21.3,31.4
20220122,212300,21.1,31
20220122,215300,21,31.2
20220122,222300,20.9,31.5
20220122,225300,20.9,31.4
20220122,232300,20.5,31.6
20220122,235300,20.6,32.4
20220123,002300,20.7,33.6
20220123,005300,20.9,33.6
20220123,012300,20.7,33
20220123,015300,20.7,33
20220123,022300,20.8,34.3
20220123,025300,20.9,35.5
20220123,032300,21.1,43.3
20220123,035300,21.5,41.4
20220123,042300,21.8,38
20220123,045300,22.3,36.5
20220123,052300,22.6,35.9
20220123,055300,22.1,35.8
20220123,062300,21.9,35.8
20220123,065300,21.7,35.5
20220123,072300,21.5,35.1
20220123,075300,21.4,34.8
20220123,082300,21.3,34.6
20220123,085300,21.3,34.3
20220123,092300,21.2,34
20220123,095300,21.2,33.9
20220123,102300,21.1,33.7
20220123,105300,21.1,33.6
20220123,112300,21.1,33.5
20220123,115300,21.1,33.5
20220123,122300,21,33.4
20220123,125300,21,33.2
20220123,132300,21,33.2
20220123,135300,21,33.3
20220123,142300,21,33.1
20220123,145300,21,33
20220123,152300,21,33.1
20220123,155300,20.9,33
20220123,162300,21,33
20220123,165300,21.1,33
20220123,172300,21.2,33.2
20220123,175300,21.4,35.9
20220123,182300,21.9,36.2
20220123,185300,21.6,34.7
20220123,192300,21.9,35.4
20220123,195300,23,34.6
20220123,202300,23.4,35.3
20220123,205300,23.7,34.5
20220123,212300,23.8,34
20220123,215300,23.8,33.4
20220123,222300,23,35.5
20220123,225300,22.3,36.8
20220123,232300,23,36.4
20220123,235300,23.8,36.1
20220124,002300,24.2,34.9
20220124,005300,24.1,35.6
20220124,012300,24.1,36.2
20220124,015300,24.1,35
20220124,022300,23.9,33.6
20220124,025300,23.4,33.1
20220124,032300,23.5,32.9
20220124,035300,23.4,33.1
20220124,042300,23.6,32.8
20220124,045300,23.1,33.3
20220124,052300,22.8,33.8
20220124,055300,23,33.5
20220124,062300,23.1,33.4
20220124,065300,22.8,34
20220124,072300,22.5,34.4
20220124,075300,22.3,35.7
20220124,082300,22.2,35.3
20220124,085300,22.6,34.1
20220124,092300,22.9,33.1
20220124,095300,22.9,32.8
20220124,102300,23,32.2
20220124,105300,22.9,32.1
20220124,112300,23,31.7
20220124,115300,22.9,31.6
20220124,122300,22.4,32.2
20220124,125300,22.1,32.7
20220124,132300,22.2,32.2
20220124,135300,22.4,31.6
20220124,142300,21.9,32.6
20220124,145300,21.7,32.6
20220124,152300,21.6,32.6
20220124,155300,21.5,32.2
20220124,162300,21.3,31.4
20220124,165300,21.3,31.6
20220124,172300,21.4,31.6
20220124,175300,21.5,31.7
20220124,182300,15.9,32.6
20220124,185300,15,33.3
20220124,192300,16.3,32.3
20220124,195300,18.1,30.1
20220124,202300,20.2,35.1
20220124,205300,21.8,32.7
20220124,212300,22,32.2
20220124,215300,21.9,32
20220124,222300,21.9,31.8
20220124,225300,21.9,31.6
20220124,232300,21.8,31.5
20220124,235300,21.8,31.6
20220125,002300,21.6,31.7
20220125,005300,21.5,31.7
20220125,012300,21.4,31.7
20220125,015300,21.3,31.7
20220125,022300,21.2,31.6
20220125,025300,21.1,31.6
20220125,032300,21.1,31.6
20220125,035300,21,31.6
20220125,042300,20.9,31.5
20220125,045300,20.9,31.5
20220125,052300,20.9,31.6
20220125,055300,20.9,31.6
20220125,062300,20.8,31.5
20220125,065300,20.8,31.5
20220125,072300,20.7,31.3
20220125,075300,20.7,31.2
20220125,082300,20.7,31.1
20220125,085300,20.6,31
20220125,092300,20.6,31
20220125,095300,20.6,30.9
20220125,102300,20.5,30.9
20220125,105300,20.5,30.8
20220125,112300,20.4,30.8
20220125,115300,20.5,30.7
20220125,122300,20.4,30.7
20220125,125300,20.4,30.6
20220125,132300,20.4,30.6
20220125,135300,20.4,30.6
20220125,142300,20.4,30.6
20220125,145300,20.4,30.7
20220125,152300,20.3,30.5
20220125,155300,20.3,30.5
20220125,162300,20.4,30.3
20220125,165300,20.5,30.2
20220125,172300,20.7,30.1
20220125,175300,21.1,29.8
20220125,182300,21.6,29.7
20220125,185300,22,29.6
20220125,192300,22.4,29.3
20220125,195300,22.8,29
20220125,202300,23.3,31.8
20220125,205300,23.5,31.3
20220125,212300,23.7,31
20220125,215300,23.7,30.6
20220125,222300,23.6,30.2
20220125,225300,23.4,30.1
20220125,232300,23.2,30.3
20220125,235300,23,30.3
20220126,002300,22.9,30.3
20220126,005300,22.6,30.2
20220126,012300,22.5,30.2
20220126,015300,22.4,30.1
20220126,022300,22.2,30.2
20220126,025300,22.1,30.1
20220126,032300,22,30.1
20220126,035300,22,30.8
20220126,042300,21.9,30.8
20220126,045300,21.9,30.9
20220126,052300,21.8,31
20220126,055300,21.8,30.8
20220126,062300,21.7,30.6
20220126,065300,21.6,30.4
20220126,072300,21.5,30.3
20220126,075300,21.5,30.2
20220126,082300,21.4,30.1
20220126,085300,21.4,30.1
20220126,092300,21.3,30.1
20220126,095300,21.3,30.2
20220126,102300,21.3,30
20220126,105300,21.2,30
20220126,112300,21.2,30
20220126,115300,21.1,30
20220126,122300,21.1,30
20220126,125300,21.1,29.9
20220126,132300,21.1,30.1
20220126,135300,21,30
20220126,142300,21,30.2
20220126,145300,21,30.2
20220126,152300,21,30.1
20220126,155300,21,30
20220126,162300,21,30
20220126,165300,21.1,29.8
20220126,172300,21.2,29.7
20220126,175300,21.3,29.7
20220126,182300,21.4,29.8
20220126,185300,21.4,29.7
20220126,192300,21.6,30.7
20220126,195300,21.9,34.2
20220126,202300,22.1,32.6
20220126,205300,22.4,31.6
20220126,212300,22.4,31
20220126,215300,22.6,30.6
20220126,222300,22.5,30.4
20220126,225300,22.3,30.5
20220126,232300,22.2,30.4
20220126,235300,22,30.4
20220127,002300,21.9,30.5
20220127,005300,21.8,30.4
20220127,012300,21.6,30.2
20220127,015300,21.6,30.3
20220127,022300,21.6,30.9
20220127,025300,22,31.5
20220127,032300,22.1,31.3
20220127,035300,22.1,30.9
20220127,042300,22.4,30.5
20220127,045300,22,30.6
20220127,052300,21.7,30.7
20220127,055300,21.6,30.9
20220127,062300,21.4,30.9
20220127,065300,21.3,30.8
20220127,072300,21.2,30.6
20220127,075300,21.1,30.5
20220127,082300,21,30.4
20220127,085300,20.9,30.3
20220127,092300,20.9,30.2
20220127,095300,20.9,30.1
20220127,102300,20.8,30
20220127,105300,20.8,30
20220127,112300,20.7,30
20220127,115300,20.7,30
20220127,122300,20.6,29.9
20220127,125300,20.6,29.9
20220127,132300,20.6,29.9
20220127,135300,20.6,30.1
20220127,142300,20.5,30.1
20220127,145300,20.6,30
20220127,152300,20.5,29.9
20220127,155300,20.6,29.7
20220127,162300,20.6,29.6
20220127,165300,20.8,29.5
20220127,172300,21,29.3
20220127,175300,21.4,29.1
20220127,182300,21.8,28.9
20220127,185300,22.3,28.7
20220127,192300,22.6,28.6
20220127,195300,22.9,28.9
20220127,202300,23,29.1
20220127,205300,23.1,29.1
20220127,212300,22.9,28.9
20220127,215300,22.9,29
20220127,222300,22.7,29
20220127,225300,22.5,28.9
20220127,232300,22.4,29
20220127,235300,22.2,29
20220128,002300,22,29.1
20220128,005300,21.9,29.1
20220128,012300,21.8,29.1
20220128,015300,21.6,29
20220128,022300,21.6,28.9
20220128,025300,21.4,29
20220128,032300,21.4,29
20220128,035300,21.4,29.8
20220128,042300,21.4,30.6
20220128,045300,21.4,30.4
20220128,052300,21.4,30.2
20220128,055300,21.3,30.1
20220128,062300,21.3,30
20220128,065300,21.2,29.8
20220128,072300,21.1,29.7
20220128,075300,21.1,29.6
20220128,082300,21.1,29.7
20220128,085300,21,29.7
20220128,092300,21,29.7
20220128,095300,21,29.7
20220128,102300,21,29.7
20220128,105300,20.9,29.7
20220128,112300,20.9,29.8
20220128,115300,20.9,29.8
20220128,122300,20.9,29.9
20220128,125300,20.9,30
20220128,132300,20.9,30.2
20220128,135300,20.9,30.4
20220128,142300,20.9,30.4
20220128,145300,20.9,30.3
20220128,152300,20.9,30.3
20220128,155300,20.9,30.4
20220128,162300,21.3,30
20220128,165300,21.2,30.1
20220128,172300,21.3,29.9
20220128,175300,21.3,30
20220128,182300,21.4,29.8
20220128,185300,21.5,29.8
20220128,192300,21.5,29.7
20220128,195300,21.5,29.6
20220128,202300,21.4,30
20220128,205300,21.3,30.1
20220128,212300,21.2,30.5
20220128,215300,21.1,30.7
20220128,222300,21.7,32.3
20220128,225300,21.8,32.4
20220128,232300,21.5,32.5
20220128,235300,21.4,32
20220129,002300,21.3,32.1
20220129,005300,21.2,32
20220129,012300,21.2,32.8
20220129,015300,21.2,33.4
20220129,022300,21,33.2
20220129,025300,21,33.1
20220129,032300,20.9,33
20220129,035300,20.9,32.9
20220129,042300,20.9,32.7
20220129,045300,20.9,32.8
20220129,052300,20.8,32.7
20220129,055300,20.8,32.4
20220129,062300,20.8,32.2
20220129,065300,20.7,32.1
20220129,072300,20.7,31.9
20220129,075300,20.7,31.8
20220129,082300,20.6,31.7
20220129,085300,20.6,31.6
20220129,092300,20.6,31.5
20220129,095300,20.6,31.4
20220129,102300,20.5,31.3
20220129,105300,20.5,31.2
20220129,112300,20.5,31.1
20220129,115300,20.5,31
20220129,122300,20.4,30.9
20220129,125300,20.4,30.9
20220129,132300,20.4,30.9
20220129,135300,20.4,30.8
20220129,142300,20.5,30.7
20220129,145300,20.7,30.8
20220129,152300,21,31.5
20220129,155300,21.2,30.9
20220129,162300,21.3,30.3
20220129,165300,21.6,29.9
20220129,172300,21.7,30.2
20220129,175300,21.9,30.5
20220129,182300,21.9,30.6
20220129,185300,21.9,30.5
20220129,192300,21.9,30.2
20220129,195300,22,30.1
20220129,202300,22,30
20220129,205300,22.3,29.8
20220129,212300,22.2,31.2
20220129,215300,22.1,31.9
20220129,222300,21.9,32.3
20220129,225300,21.8,31.8
20220129,232300,21.6,31.3
20220129,235300,21.6,31.1
20220130,002300,21.6,31
20220130,005300,21.6,31.1
20220130,012300,21.6,31.3
20220130,015300,21.4,31.4
20220130,022300,21.3,31.5
20220130,025300,21.3,31.7
20220130,032300,21.2,31.7
20220130,035300,21.1,31.8
20220130,042300,21.1,31.9
20220130,045300,21.1,31.9
20220130,052300,21.1,32
20220130,055300,21.1,32
20220130,062300,21,31.7
20220130,065300,21,31.6
20220130,072300,20.9,31.5
20220130,075300,20.9,31.4
20220130,082300,20.9,31.4
20220130,085300,20.9,31.3
20220130,092300,20.9,31.4
20220130,095300,20.9,31.4
20220130,102300,20.9,31.4
20220130,105300,20.9,31.4
20220130,112300,20.9,31.5
20220130,115300,20.8,31.4
20220130,122300,20.8,31.5
20220130,125300,20.8,31.5
20220130,132300,20.9,31.5
20220130,135300,20.9,31.4
20220130,142300,20.9,31.3
20220130,145300,21,31.2
20220130,152300,21.1,31.3
20220130,155300,21.3,32.5
20220130,162300,21.8,32.7
20220130,165300,21.9,33
20220130,172300,22.1,33.6
20220130,175300,22.4,36.2
20220130,182300,22.6,35.6
20220130,185300,22.8,35
20220130,192300,23,34
20220130,195300,23.1,33.4
20220130,202300,23.2,33.1
20220130,205300,23,33.2
20220130,212300,22.9,34.2
20220130,215300,22.7,33.7
20220130,222300,21.5,28.3
20220130,225300,22.2,33.2
20220130,232300,22.8,33.3
20220130,235300,22.9,33
20220131,002300,22.9,33
20220131,005300,22.1,30.2
20220131,012300,22,31.1
20220131,015300,21.9,31.6
20220131,022300,21.8,31.8
20220131,025300,21.8,32
20220131,032300,21.8,32.1
20220131,035300,21.8,32.1
20220131,042300,21.7,32.2
20220131,045300,21.7,31.8
20220131,052300,21.6,31.6
20220131,055300,21.6,31.4
20220131,062300,21.5,31.2
20220131,065300,21.4,31.1
20220131,072300,21.4,30.9
20220131,075300,21.3,30.8
20220131,082300,21.3,30.7
20220131,085300,21.3,30.6
20220131,092300,21.2,30.5
20220131,095300,21.2,30.4
20220131,102300,21.2,30.3
20220131,105300,21.1,30.3
20220131,112300,21.1,30.2
20220131,115300,21.1,30.2
20220131,122300,21.1,30.3
20220131,125300,21.1,30.2
20220131,132300,21.1,30.1
20220131,135300,21.1,30.1
20220131,142300,21.3,29.8
20220131,145300,21.4,29.7
20220131,152300,21.5,29.5
20220131,155300,21.7,29.5
20220131,162300,21.6,29.6
20220131,165300,21.6,29.5
20220131,172300,21.6,29.6
20220131,175300,21.6,29.7
20220131,182300,21.6,29.7
20220131,185300,21.5,29.8
20220131,192300,21.5,29.8
20220131,195300,21.5,29.8
20220131,202300,21.4,29.9
20220131,205300,21.3,30
20220131,212300,21.3,30.1
20220131,215300,21.2,30.2
20220131,222300,21.1,30.8
20220131,225300,21.1,30.2
20220131,232300,21.1,30.5
20220131,235300,21.1,31.4
20220201,002300,21.2,32
20220201,005300,21.2,31.9
20220201,012300,21.1,31.7
20220201,015300,21.1,31.6
20220201,022300,21,31.5
20220201,025300,21,31.4
20220201,032300,20.9,31.3
20220201,035300,20.9,31.3
20220201,042300,20.9,31.3
20220201,045300,20.9,31.2
20220201,052300,20.9,31.3
20220201,055300,20.9,31.2
20220201,062300,20.9,31.2
20220201,065300,20.9,31.1
20220201,072300,20.9,31.1
20220201,075300,20.9,31.1
20220201,082300,20.9,31.1
20220201,085300,20.9,31.1
20220201,092300,20.9,31.1
20220201,095300,20.9,31.1
20220201,102300,20.9,31.1
20220201,105300,20.9,31.2
20220201,112300,20.9,31.4
20220201,115300,20.9,31.5
20220201,122300,20.8,31.5
20220201,125300,20.8,31.5
20220201,132300,20.8,31.2
20220201,135300,20.7,31.1
20220201,142300,20.7,31.1
20220201,145300,20.7,31.1
20220201,152300,20.7,31
20220201,155300,20.6,31
20220201,162300,20.7,30.9
20220201,165300,20.8,30.8
20220201,172300,20.8,30.9
20220201,175300,20.9,30.7
20220201,182300,21.1,31.5
20220201,185300,21.1,31.4
20220201,192300,21.2,31.2
20220201,195300,21.2,31.1
20220201,202300,21.2,31
20220201,205300,21.1,31
20220201,212300,21,31.2
20220201,215300,21,31.1
20220201,222300,21,31.3
20220201,225300,21,31.6
20220201,232300,20.9,31.8
20220201,235300,20.9,31.4
20220202,002300,20.9,32
20220202,005300,20.9,32.1
20220202,012300,20.9,32.3
20220202,015300,21,32.4
20220202,022300,21,32.3
20220202,025300,21,32.4
20220202,032300,21,32.2
20220202,035300,21,32
20220202,042300,20.9,31.8
20220202,045300,20.9,31.7
20220202,052300,21,31.6
20220202,055300,20.9,31.6
20220202,062300,20.9,31.5
20220202,065300,20.9,31.5
20220202,072300,21,31.4
20220202,075300,20.9,31.5
20220202,082300,20.9,31.4
20220202,085300,20.9,31.3
20220202,092300,20.9,31.7
20220202,095300,20.9,31.5
20220202,102300,20.8,31.7
20220202,105300,20.9,31.9
20220202,112300,20.8,32.3
20220202,115300,20.7,32.1
20220202,122300,20.6,31.9
20220202,125300,20.6,31.9
20220202,132300,20.5,32
20220202,135300,20.5,32.1
20220202,142300,20.5,31.9
20220202,145300,20.4,32
20220202,152300,20.4,32
20220202,155300,20.4,31.8
20220202,162300,20.4,31.7
20220202,165300,20.4,32.5
20220202,172300,20.5,33.8
20220202,175300,20.5,33.5
20220202,182300,20.5,33.3
20220202,185300,20.5,33.4
20220202,192300,20.4,33.4
20220202,195300,20.4,33.2
20220202,202300,20.4,33
20220202,205300,20.4,32.9
20220202,212300,20.3,32.7
20220202,215300,20.3,32.6
20220202,222300,20.4,32.8
20220202,225300,20.4,32.6
20220202,232300,20.4,32.4
20220202,235300,20.9,32.3
20220203,002300,21.3,32.8
20220203,005300,21.6,33.2
20220203,012300,21.7,33.4
20220203,015300,21.7,33.3
20220203,022300,21.6,33.5
20220203,025300,21.6,33.2
20220203,032300,21.5,33.1
20220203,035300,21.5,32.9
20220203,042300,21.5,32.8
20220203,045300,21.5,32.8
20220203,052300,21.5,32.7
20220203,055300,21.5,32.6
20220203,062300,21.5,32.6
20220203,065300,21.5,32.5
20220203,072300,21.5,32.4
20220203,075300,21.5,32.4
20220203,082300,21.5,32.3
20220203,085300,21.5,32.2
20220203,092300,21.4,32.2
20220203,095300,21.4,32.3
20220203,102300,21.4,32.6
20220203,105300,21.3,32.6
20220203,112300,21.3,32.6
20220203,115300,21.2,32.6
20220203,122300,21.2,32.4
20220203,125300,21.2,32.3
20220203,132300,21.3,32.4
20220203,135300,20.8,30.2
20220203,142300,20.8,31.1
20220203,145300,18.3,32.1
20220203,152300,19.1,34
20220203,155300,21.3,33.1
20220203,162300,22.1,32.2
20220203,165300,22.4,31.8
20220203,172300,22.7,31.5
20220203,175300,22.7,31.4
20220203,182300,22.8,31.4
20220203,185300,22.6,31.6
20220203,192300,22.5,31.6
20220203,195300,22.4,31.6
20220203,202300,22.3,31.7
20220203,205300,22.1,31.6
20220203,212300,22.1,31.7
20220203,215300,21.9,31.6
20220203,222300,21.9,31.6
20220203,225300,21.9,31.5
20220203,232300,21.8,31.5
20220203,235300,21.8,31.6
20220204,002300,21.7,31.6
20220204,005300,21.7,31.5
20220204,012300,21.7,31.6
20220204,015300,21.8,34.2
20220204,022300,21.8,33.7
20220204,025300,21.7,33.4
20220204,032300,21.7,33
20220204,035300,21.6,32.8
20220204,042300,21.6,32.7
20220204,045300,21.6,32.6
20220204,052300,21.6,32.4
20220204,055300,21.6,32.3
20220204,062300,21.6,32.2
20220204,065300,21.6,32.2
20220204,072300,21.5,32.1
20220204,075300,21.5,32.2
20220204,082300,21.5,32.3
20220204,085300,21.4,32.3
20220204,092300,21.4,32.2
20220204,095300,21.3,32.2
20220204,102300,21.3,32.3
20220204,105300,21.2,32.4
20220204,112300,21.2,32.3
20220204,115300,21.2,32.2
20220204,122300,21.2,32
20220204,125300,21.2,31.9
20220204,132300,21.2,32
20220204,135300,21.3,31.9
20220204,142300,21.4,31.6
20220204,145300,21.4,31.7
20220204,152300,21.6,31.4
20220204,155300,21.8,31.2
20220204,162300,22,31.2
20220204,165300,22.4,30.9
20220204,172300,22.7,31
20220204,175300,22.9,31.2
20220204,182300,23,31.4
20220204,185300,23,32
20220204,192300,22.9,32.4
20220204,195300,22.8,32.8
20220204,202300,22.6,32.4
20220204,205300,22.5,32.7
20220204,212300,22.6,36.5
20220204,215300,22.5,36.1
20220204,222300,22.5,35.9
20220204,225300,22.4,34.7
20220204,232300,22.5,35.1
20220204,235300,22.6,38.6
20220205,002300,22.1,35.2
20220205,005300,22.6,35.4
20220205,012300,22.8,34.8
20220205,015300,22.8,34.8
20220205,022300,22.8,34.6
20220205,025300,22.7,34.8
20220205,032300,22.5,34.5
20220205,035300,22.4,34.2
20220205,042300,22.4,34.1
20220205,045300,22.3,33.9
20220205,052300,22.3,33.8
20220205,055300,22.2,33.7
20220205,062300,22.2,33.5
20220205,065300,22.1,33.4
20220205,072300,22.1,33.3
20220205,075300,22,33.2
20220205,082300,22,33.1
20220205,085300,21.9,33.1
20220205,092300,21.9,33
20220205,095300,21.8,32.9
20220205,102300,21.8,32.8
20220205,105300,21.7,32.8
20220205,112300,21.6,32.7
20220205,115300,21.6,32.7
20220205,122300,21.7,32.9
20220205,125300,21.9,32.6
20220205,132300,22.4,32.9
20220205,135300,22.8,32.1
20220205,142300,23.3,31.2
20220205,145300,22.6,27.7
20220205,152300,23.9,32.1
20220205,155300,24,30.9
20220205,162300,24.2,30.9
20220205,165300,24.3,30.9
20220205,172300,24.4,30.8
20220205,175300,24.4,31.2
20220205,182300,24.3,31.6
20220205,185300,24.1,31.3
20220205,192300,23.9,31.2
20220205,195300,23.8,31
20220205,202300,23.4,30.7
20220205,205300,23.3,30.9
20220205,212300,23.3,31.7
20220205,215300,23.1,31.7
20220205,222300,23,31.7
20220205,225300,22.9,31.7
20220205,232300,22.9,31.9
20220205,235300,22.8,31.9
20220206,002300,22.7,32
20220206,005300,22.6,31.6
20220206,012300,22.5,31.4
20220206,015300,22.5,31
20220206,022300,22.4,30.8
20220206,025300,22.3,30.6
20220206,032300,22.2,30.5
20220206,035300,22.1,30.6
20220206,042300,22.1,30.2
20220206,045300,22,30.2
20220206,052300,21.9,30
20220206,055300,21.9,30
20220206,062300,21.8,29.8
20220206,065300,21.7,29.8
20220206,072300,21.6,29.7
20220206,075300,21.6,29.6
20220206,082300,21.5,29.4
20220206,085300,21.4,29.4
20220206,092300,21.3,29.4
20220206,095300,21.3,29.3
20220206,102300,21.3,29.3
20220206,105300,21.3,29.3
20220206,112300,22.1,30.9
20220206,115300,22.3,30.2
20220206,122300,22.4,30.2
20220206,125300,22.9,29.9
20220206,132300,22,22.4
20220206,135300,21.9,23.9
20220206,142300,22.9,25.8
20220206,145300,23.7,29.6
20220206,152300,23.9,29.5
20220206,155300,24.3,29.2
20220206,162300,24.2,28.7
20220206,165300,24,28.9
20220206,172300,23.9,29.1
20220206,175300,23.8,29.7
20220206,182300,23.6,30
20220206,185300,23.5,29.9
20220206,192300,23.4,29.8
20220206,195300,23.5,28.9
20220206,202300,23.5,29.1
20220206,205300,23.4,30.4
20220206,212300,23.3,30.5
20220206,215300,23.2,30.5
20220206,222300,23.1,30.6
20220206,225300,22.9,30.6
20220206,232300,22.9,30.7
20220206,235300,22.8,30.8
20220207,002300,22.7,30.7
20220207,005300,22.7,30.7
20220207,012300,22.6,30.6
20220207,015300,22.5,30.7
20220207,022300,22.4,30.5
20220207,025300,22.4,30.5
20220207,032300,22.3,30.4
20220207,035300,22.2,30.4
20220207,042300,22.1,30.6
20220207,045300,22,30.6
20220207,052300,21.9,30.7
20220207,055300,21.8,31
20220207,062300,21.7,31
20220207,065300,21.6,30.9
20220207,072300,21.5,31
20220207,075300,21.4,31
20220207,082300,21.3,31
20220207,085300,21.2,31
20220207,092300,21.2,31.1
20220207,095300,21.1,30.9
20220207,102300,21.1,30.9
20220207,105300,21.1,30.9
20220207,112300,21.1,30.9
20220207,115300,21.1,30.8
20220207,122300,21.2,30.8
20220207,125300,21.2,30.8
20220207,132300,21.2,31
20220207,135300,21.3,30.8
20220207,142300,21.4,30.5
20220207,145300,21.3,30.6
20220207,152300,21.3,30.6
20220207,155300,21.2,30.7
20220207,162300,21.2,30.8
20220207,165300,21.2,30.6
20220207,172300,21.2,30.6
20220207,175300,21.1,30.7
20220207,182300,21.1,30.5
20220207,185300,21,30.7
20220207,192300,21,30.7
20220207,195300,20.9,30.8
20220207,202300,20.9,30.7
20220207,205300,21,32.1
20220207,212300,21.1,32
20220207,215300,21.1,31.8
20220207,222300,21,31.6
20220207,225300,20.9,31.3
20220207,232300,20.9,31.3
20220207,235300,20.9,31
20220208,002300,20.8,31.1
20220208,005300,20.8,31.1
20220208,012300,20.7,31.2
20220208,015300,20.7,31.1
20220208,022300,20.7,30.9
20220208,025300,20.7,30.7
20220208,032300,20.6,30.5
20220208,035300,20.5,31
20220208,042300,20.5,31.2
20220208,045300,20.6,31.2
20220208,052300,20.5,31.2
20220208,055300,20.5,31.1
20220208,062300,20.5,31
20220208,065300,20.5,31.1
20220208,072300,20.5,31.2
20220208,075300,20.5,31.2
20220208,082300,20.5,31.6
20220208,085300,20.5,31.4
20220208,092300,20.4,31.4
20220208,095300,20.5,31.3
20220208,102300,20.6,31.3
20220208,105300,20.9,31
20220208,112300,21.1,31.1
20220208,115300,21.4,31.1
20220208,122300,21.5,30.9
20220208,125300,21.5,30.8
20220208,132300,21.6,31
20220208,135300,21.8,30.8
20220208,142300,22,30.7
20220208,145300,22.2,30.6
20220208,152300,22.4,30.3
20220208,155300,22.6,30.2
20220208,162300,22.6,30.3
20220208,165300,22.6,30.4
20220208,172300,22.4,30.9
20220208,175300,22.4,30.8
20220208,182300,22.3,30.9
20220208,185300,22.2,30.9
20220208,192300,22.1,30.9
20220208,195300,22,30.8
20220208,202300,22,30.8
20220208,205300,22,31
20220208,212300,21.9,31.2
20220208,215300,21.9,31.4
20220208,222300,21.9,31.6
20220208,225300,21.8,31.6
20220208,232300,21.8,31.6
20220208,235300,21.7,31.8
20220209,002300,21.6,31.5
20220209,005300,21.6,31.4
20220209,012300,21.5,31.3
20220209,015300,21.4,31.3
20220209,022300,21.4,31.1
20220209,025300,21.3,31
20220209,032300,21.2,31.1
20220209,035300,21.1,31.1
20220209,042300,21,31
20220209,045300,20.9,30.8
20220209,052300,20.8,30.6
20220209,055300,20.7,30.7
20220209,062300,20.5,30.7
20220209,065300,20.4,30.6
20220209,072300,20.3,30.5
20220209,075300,20.3,30.7
20220209,082300,20.3,30.7
20220209,085300,20.1,30.6
20220209,092300,20.1,30.5
20220209,095300,20.2,30.3
20220209,102300,20.2,30.2
20220209,105300,20.4,29.9
20220209,112300,20.6,30
20220209,115300,21.1,30
20220209,122300,21.5,30.1
20220209,125300,21.9,29.9
20220209,132300,22.3,29.5
20220209,135300,22.7,29.2
20220209,142300,23,28.9
20220209,145300,23.3,29.3
20220209,152300,23.4,29.2
20220209,155300,23.5,29
20220209,162300,23.6,29.5
20220209,165300,23.3,29.6
20220209,172300,23.1,29.8
20220209,175300,23,29.9
20220209,182300,22.9,30.1
20220209,185300,22.7,30.1
20220209,192300,22.6,30
20220209,195300,22.5,30
20220209,202300,22.4,29.9
20220209,205300,22.3,30
20220209,212300,22.2,30
20220209,215300,22.1,30
20220209,222300,22.1,29.7
20220209,225300,22.2,33.6
20220209,232300,22.1,32.6
20220209,235300,22,32
20220210,002300,21.9,31.4
20220210,005300,21.9,31.2
20220210,012300,21.8,31
20220210,015300,21.6,30.9
20220210,022300,21.6,30.6
20220210,025300,21.4,30.6
20220210,032300,21.4,30.6
20220210,035300,21.3,30.6
20220210,042300,21.2,30.2
20220210,045300,21.1,30.2
20220210,052300,21,29.9
20220210,055300,20.8,30.1
20220210,062300,20.7,30
20220210,065300,20.6,30.1
20220210,072300,20.4,30.1
20220210,075300,20.4,28.6
20220210,082300,20.3,29.3
20220210,085300,20.2,29.4
20220210,092300,20.3,29.4
20220210,095300,20.4,29.5
20220210,102300,20.6,29.1
20220210,105300,21,28.9
20220210,112300,21.1,29.2
20220210,115300,21.5,29.3
20220210,122300,22,29.2
20220210,125300,22.4,29
20220210,132300,22.7,28.4
20220210,135300,23.1,28.3
20220210,142300,23.4,28.5
20220210,145300,23.6,28.7
20220210,152300,23.7,28.9
20220210,155300,23.7,29.4
20220210,162300,23.5,30
20220210,165300,23.3,26.5
20220210,172300,23.3,28.4
20220210,175300,23.6,29.5
20220210,182300,23.6,30.4
20220210,185300,23.4,30
20220210,192300,23.3,31.5
20220210,195300,23.8,34.6
20220210,202300,24,34.1
20220210,205300,24.2,35
20220210,212300,24.3,34.9
20220210,215300,24.4,34.4
20220210,222300,24.2,33.8
20220210,225300,24.3,33.4
20220210,232300,24.2,34.3
20220210,235300,24.2,34.4
20220211,002300,24.1,34.6
20220211,005300,23.9,34
20220211,012300,23.2,31.7
20220211,015300,22.8,31.7
20220211,022300,22.5,31.6
20220211,025300,22.3,31.7
20220211,032300,22.1,31.3
20220211,035300,21.9,31.2
20220211,042300,21.7,31
20220211,045300,21.5,30.9
20220211,052300,21.4,30.8
20220211,055300,21.2,30.7
20220211,062300,21.1,30.6
20220211,065300,20.9,30.5
20220211,072300,20.9,30.8
20220211,075300,20.8,30.7
20220211,082300,20.7,30.6
20220211,085300,20.7,30.5
20220211,092300,20.7,30.6
20220211,095300,20.7,30.3
20220211,102300,20.7,30.3
20220211,105300,20.7,30.7
20220211,112300,21.2,30.5
20220211,115300,21.4,30.9
20220211,122300,21.9,30.9
